{
"vertices": [
{
"name": "cw_right_inout",
"p": [
97.60303414560241,
96.86711462117393,
97.92002943200526,
103.33477338225488,
106.73391914810898,
111.09248805625262,
115.07812769481218,
119.0595068300495,
122.68942802308308,
126.18176404639897,
129.71908942683314,
133.44725271798637,
137.55732566888133,
141.40084475230842,
145.25247820974943,
149.05428304744103,
153.0029503594986,
156.43492007060414,
159.5087881145553,
162.35290827488404,
164.83667366899112,
166.933129392142,
168.54085422691605,
169.74702558939782,
170.54683171241774,
170.87235362236814,
170.6839015657193,
170.05556917624952,
168.88965046205712,
167.1735318462488,
164.9111847216996,
162.15197428449497,
160.73898570906525,
162.24957393266195,
161.67537318870754,
161.61794182343252,
160.84241728976133,
159.84804892838488,
158.28915663698214,
156.61352694806595,
155.16681443112793,
154.05928196329558,
152.96253036168392,
151.65699185118288,
150.39665445483126,
149.4999368284004,
148.342135861161,
146.940070426852,
145.7282008912655,
144.4457448903658,
143.24359089755043,
141.97075510467107,
140.74926774385798,
139.5676012701196,
138.44915424966115,
137.34741057553865,
136.26240517416443,
135.25840364695875,
134.24207798586284,
133.21925100435297,
132.22501228260066,
131.2535620334933,
130.28737001225477,
129.33230697474139,
128.38839319433626,
127.45564875616675,
126.53409355510962,
125.6119974411149,
124.68935946058583,
123.76617865711962,
122.84833939036666,
121.91818474167418,
120.99926197329981,
120.07390374264286,
119.15979629778208,
118.24515413874751,
117.3299763260844,
116.426081008593,
115.52166194471698,
114.62263459315376,
113.72900828655506,
112.84671544003817,
111.96984889586587,
111.09841783053233,
110.23836443881206,
109.38970761346907,
108.5465265424717,
107.71477285065379,
106.89446491845635,
106.07967196695988,
105.27635474660775,
104.4785760179318,
103.68634434317417,
102.90562941342539,
102.13048453400135,
101.36091808421557,
100.59693839971365,
99.83855377206189,
99.09174834859516,
98.34458142510132,
97.60303414560241
],
"t": [
19.0,
19.01,
19.02,
19.03,
19.04,
19.05,
19.06,
19.07,
19.08,
19.09,
19.1,
19.11,
19.12,
19.13,
19.14,
19.15,
19.16,
19.17,
19.18,
19.19,
19.2,
19.21,
19.22,
19.23,
19.24,
19.25,
19.26,
19.27,
19.28,
19.29,
19.3,
19.31,
19.32,
19.33,
19.34,
19.35,
19.36,
19.37,
19.38,
19.39,
19.4,
19.41,
19.42,
19.43,
19.44,
19.45,
19.46,
19.47,
19.48,
19.49,
19.5,
19.51,
19.52,
19.53,
19.54,
19.55,
19.56,
19.57,
19.58,
19.59,
19.6,
19.61,
19.62,
19.63,
19.64,
19.65,
19.66,
19.67,
19.68,
19.69,
19.7,
19.71,
19.72,
19.73,
19.74,
19.75,
19.76,
19.77,
19.78,
19.79,
19.8,
19.81,
19.82,
19.83,
19.84,
19.85,
19.86,
19.87,
19.88,
19.89,
19.9,
19.91,
19.92,
19.93,
19.94,
19.95,
19.96,
19.97,
19.98,
19.99,
20.0
],
"periodic": true
},
{
"name": "cw_left_inout",
"p": [
97.66284956443965,
96.92097430538003,
96.17874180203057,
100.56708777667372,
104.72867027131156,
108.64749487627864,
112.88225367000287,
116.79833657578484,
120.657473613267,
124.21901674843056,
127.64341538859726,
131.1950218069773,
135.28759874289017,
139.22982033156688,
143.05185902741943,
147.40949428516097,
151.80724090145333,
155.852869067746,
159.32475223134915,
162.57677655508652,
165.37536820713404,
167.78582372594673,
169.71273932804294,
171.26060975984916,
172.430523626893,
173.0750412134066,
173.2290029819643,
172.8469227633663,
171.86564655969605,
170.20981885987777,
167.99749672424645,
165.23784631445105,
161.96824121335692,
162.96703641766,
162.72600475112156,
162.15771560439654,
161.40542791267677,
160.1527474833823,
158.55962669199704,
156.5731981044637,
154.75157964178985,
153.11843043243158,
151.88813837872596,
150.38508711570086,
149.17583734735382,
148.52744056544762,
147.54855625364803,
146.3603437295564,
145.14222946742444,
143.97544515893185,
142.79618050664035,
141.62767034243186,
140.48157815651936,
139.47442751638474,
138.51325328383268,
137.56315624609707,
136.60665418808642,
135.67876098491806,
134.70943538454685,
133.6752214906577,
132.67542159268373,
131.68083981685717,
130.703198009879,
129.71908942683314,
128.74609176301112,
127.76662505428727,
126.7924183158902,
125.81173297966721,
124.83043478488526,
123.84852258112745,
122.87188044484374,
121.90051823395773,
120.94033826983832,
119.99725718643595,
119.0595068300495,
118.13299987698217,
117.21184980027718,
116.30197608905402,
115.40339847613849,
114.51613649458608,
113.63428937502226,
112.76971315945754,
111.91058333827047,
111.06283884578106,
110.22649830686204,
109.39564388590992,
108.57622379266134,
107.76231363958013,
106.95392209870658,
106.15700647248723,
105.35968106904438,
104.56790002945098,
103.78167186006561,
103.00100502481803,
102.22590794479596,
101.45638899783498,
100.68648680870076,
99.92814615498246,
99.16943294664678,
98.41632515042781,
97.66284956443965
],
"t": [
19.0,
19.01,
19.02,
19.03,
19.04,
19.05,
19.06,
19.07,
19.08,
19.09,
19.1,
19.11,
19.12,
19.13,
19.14,
19.15,
19.16,
19.17,
19.18,
19.19,
19.2,
19.21,
19.22,
19.23,
19.24,
19.25,
19.26,
19.27,
19.28,
19.29,
19.3,
19.31,
19.32,
19.33,
19.34,
19.35,
19.36,
19.37,
19.38,
19.39,
19.4,
19.41,
19.42,
19.43,
19.44,
19.45,
19.46,
19.47,
19.48,
19.49,
19.5,
19.51,
19.52,
19.53,
19.54,
19.55,
19.56,
19.57,
19.58,
19.59,
19.6,
19.61,
19.62,
19.63,
19.64,
19.65,
19.66,
19.67,
19.68,
19.69,
19.7,
19.71,
19.72,
19.73,
19.74,
19.75,
19.76,
19.77,
19.78,
19.79,
19.8,
19.81,
19.82,
19.83,
19.84,
19.85,
19.86,
19.87,
19.88,
19.89,
19.9,
19.91,
19.92,
19.93,
19.94,
19.95,
19.96,
19.97,
19.98,
19.99,
20.0
],
"periodic": true
}
]
}