{
  "vessels": [
    {
      "id": 0,
      "name": "belongs to vmtk branch 21",
      "vessel_length": 0.7358879769679697,
      "radius": 0.12965711957149417,
      "wall_thickness": 0.01574043227413394,
      "elastic_modulus": 16000000.0,
      "gamma": 9,
      "number_edges": 6,
      "left_vertex_id": 0,
      "right_vertex_id": 1,
      "embedded_coordinates": [
        [
          1.016425323486328,
          0.4273864269256592,
          -0.33404259681701665
        ],
        [
          0.9325799942016602,
          0.4903420925140381,
          -0.3034361362457276
        ],
        [
          0.8424263954162599,
          0.5263224601745605,
          -0.3439595460891724
        ],
        [
          0.7829142093658448,
          0.5493977069854736,
          -0.4314034461975098
        ],
        [
          0.7239513874053956,
          0.6030517101287842,
          -0.5019680976867676
        ],
        [
          0.6753062248229981,
          0.6927905082702637,
          -0.548761796951294
        ],
        [
          0.6417493343353272,
          0.8035866737365723,
          -0.5433348178863525
        ]
      ]
    },
    {
      "id": 1,
      "name": "belongs to vmtk branch 21",
      "vessel_length": 0.7358879769679697,
      "radius": 0.12965711957149417,
      "wall_thickness": 0.01574043227413394,
      "elastic_modulus": 16000000.0,
      "gamma": 9,
      "number_edges": 7,
      "left_vertex_id": 1,
      "right_vertex_id": 2,
      "embedded_coordinates": [
        [
          0.6417493343353272,
          0.8035866737365723,
          -0.5433348178863525
        ],
        [
          0.5742401599884034,
          0.8854966163635254,
          -0.530035400390625
        ],
        [
          0.4957625389099121,
          0.9456501960754395,
          -0.49887137413024907
        ],
        [
          0.4223933219909668,
          0.9980086326599121,
          -0.4292106628417969
        ],
        [
          0.3663463830947876,
          1.0454651832580566,
          -0.3555263757705689
        ],
        [
          0.3381989479064942,
          1.1015643119812013,
          -0.27116501331329346
        ],
        [
          0.31666524410247804,
          1.138085174560547,
          -0.17031043767929077
        ],
        [
          0.3162737846374512,
          1.1538631439208984,
          -0.045127812027931216
        ]
      ]
    },
    {
      "id": 2,
      "name": "belongs to vmtk branch 21",
      "vessel_length": 0.7358879769679697,
      "radius": 0.12965711957149417,
      "wall_thickness": 0.01574043227413394,
      "elastic_modulus": 16000000.0,
      "gamma": 9,
      "number_edges": 5,
      "left_vertex_id": 2,
      "right_vertex_id": 3,
      "embedded_coordinates": [
        [
          0.3162737846374512,
          1.1538631439208984,
          -0.045127812027931216
        ],
        [
          0.3260152101516724,
          1.1530137062072754,
          0.06778194904327393
        ],
        [
          0.34138634204864504,
          1.1467324256896974,
          0.17073040008544924
        ],
        [
          0.36526288986206057,
          1.1222179412841797,
          0.2828104496002197
        ],
        [
          0.4003004550933838,
          1.116655158996582,
          0.40194268226623536
        ],
        [
          0.43845810890197756,
          1.0999714851379394,
          0.49955101013183595
        ]
      ]
    }
  ],
  "vertices": [
    {
      "id": 0,
      "name": "coupling_1_outer"
    },
    {
      "id": 1,
      "name": "coupling_1_inner"
    },
    {
      "id": 2,
      "name": "coupling_2_inner"
    },
    {
      "id": 3,
      "name": "coupling_2_outer"
    }
  ]
}